college,college_tier
A. P. SHAH INSTITUTE OF TECHNOLOGY,TIER 3
A.D PATEL INSTITUTE OF TECH,TIER 3
AALIM MUHAMMED SALEGH COLLEGE OF ENGINEERING,TIER 3
ABES ENGINEERING COLLEGE,TIER 3
ABESIT,TIER 3
ABV-IIITM GWALIOR,TIER 2
ACADEMY OF TECHNOLOGY,TIER 3
ACHARYA INSTITUTE OF TECHNOLOGY,TIER 3
ACHARYA NAGARJUNA UNIVERSITY,TIER 3
ACROPOLIS INSTITUTE OF TECHNOLOGY AND RESEARCH,TIER 3
ADHIYAMAAN COLLEGE OF ENGINEERING,TIER 3
ADITYA COLLEGE OF ENGINEERING AND TECHNOLOGY,TIER 3
ADITYA ENGINEERING COLLEGE,TIER 3
AISSMS INSTITUE OF INFORMATION TECHNOLOGY,TIER 3
AIT PUNE,TIER 3
AJAY KUMAR GARG ENGINEERING COLLEGE,TIER 3
AKU - DR. A.P.J ABDUL KALAM UNIVERSITY,TIER 3
ALIGARH MUSLIM UNIVERSITY,TIER 2
ALLAHABAD UNIVERSITY,TIER 3
AMBEDKAR INSTITUTE OF ADVANCED COMMUNICATIONS,TIER 3
AMC ENGINEERING COLLEGE,TIER 3
AMITY UNIVERSITY,TIER 3
AMITY UNIVERSITY NOIDA,TIER 3
AMITY UNIVERSITY RAIPUR,TIER 3
"AMITY, LUCKNOW",TIER 3
AMRITA VISHWA VIDYAPEETHAM,TIER 2
ANDHRA UNIVERSITY,TIER 3
ANIL NEERUKONDA INSTITUTE OF TECHNOLOGY AND SCIENCES,TIER 3
ANNA UNIVERSITY,TIER 2
ANNA UNIVERSITY OF TECHNOLOGY TIRUCHIRAPALLI,TIER 3
ANNAMALAI UNIVERSITY,TIER 3
ANURAG GROUP OF INSTITUTIONS,TIER 3
APJ ABDUL KALAM TECHNOLOGICAL UNIVERSITY,TIER 3
ARYA COLLEGE OF ENGINEERING AND IT,TIER 3
ASANSOL ENGINEERING COLLEGE,TIER 3
ASIAN SCHOOL OF BUSINESS,TIER 3
ASSAM DOWN TOWN UNIVERSITY,TIER 3
AURORA DEGREE AND PG COLLEGE,TIER 3
B P PODDAR INSTITUTE OF MANAGEMENT AND TECHNOLOGY,TIER 3
"B V B COLLEGE OF ENGG. AND TECHNOLOGY, HUBLI",TIER 3
B. H. GARDI COLLEGE OF ENG. AND TECH.,TIER 3
B. S. ABDUR RAHMAN CRESCENT INSTITUTE OF SCIENCE AND TECHNOLOGY,TIER 3
BABA BANDA SINGH BAHADUR ENGINEERING COLLEGE,TIER 3
BAHRA UNIVERSITY,TIER 3
BANASTHALI VIDYAPITH,TIER 3
BANGALORE INSTITUTE OF TECHNOLOGY,TIER 2
BANGALORE UNIVERSITY,TIER 3
BANNARI AMMAN INSTITUTE OF TECHNOLOGY,TIER 3
BAPATLA ENGINEERING COLLEGE,TIER 3
BARKATULLAH UNIVERSITY BHOPAL,TIER 3
BBD LUCKNOW,TIER 3
BENNETT UNIVERSITY,TIER 3
BHAGALPUR COLLEGE OF ENGINEERING,TIER 3
BHARAT INSTITUTE OF TECHNOLOGY SONEPAT,TIER 3
"BHARAT INSTITUTE OF TECHNOLOGY, MEERUT",TIER 3
BHARATH INSTITUTE OF HIGHER EDUCATION AND RESEARCH,TIER 3
BHARATI VIDYAPEETH COLLEGE OF ENGINEERING,TIER 3
"BHARATI VIDYAPEETH UNIVERSITY COLLEGE OF ENGINEERING, PUNE",TIER 3
BHILAI INSTITUTE OF TECHNOLOGY DURG,TIER 3
BIET DAVANAGERE,TIER 3
BIRBHUM INSTITUTE OF ENGINEERING AND TECHNOLOGY,TIER 3
BIT,TIER 3
BIT MESRA,TIER 2
BIT SINDRI,TIER 2
BITM BELLARY,TIER 3
BITS GOA,TIER 1
BITS HYDERABAD,TIER 1
BITS PILANI,TIER 1
BML MUNJAL UNIVERSITY,TIER 3
BMS COLLEGE OF ENGINEERING,TIER 2
BMSIT,TIER 3
BOARD OF TECHNICAL EDUCATION,TIER 3
BPIT DELHI,TIER 3
BPUT,TIER 3
BRAINWARE GROUP OF INSTITUTIONS,TIER 3
BUDGE BUDGE INSTITUTE OF TECHNOLOGY,TIER 3
BUNDELKHAND INSTITUTE OF ENGINEERING AND TECHNOLOGY JHANSI,TIER 3
BVICAM,TIER 3
C-DAC,TIER 3
CAMBRIDGE INSTITUTE OF TECHNOLOGY,TIER 3
CCS ( CHAUDHARY CHARAN SINGH ) UNIVERSITY,TIER 3
CCS UNIVERSITY,TIER 3
"CH. BRAHM PRAKSH GOVERNMENT ENGINEERING COLLEGE, DELHI",TIER 3
"CHANDIGARH ENGINEERING COLLEGE, LANDRAN",TIER 3
CHANDIGARH UNIVERSITY,TIER 3
CHAROTAR UNIVERSITY OF SCIENCE AND TECHNOLOGY CHARUSAT CHANGA,TIER 3
CHHATTISGARH SWAMI VIVEKANAND TECHNICAL UNIVERSITY,TIER 3
CHITKARA UNIVERSITY,TIER 3
CHRIST UNIVERSITY,TIER 3
CMR COLLEGE OF ENGINEERING AND TECHNOLOGY,TIER 3
CMR INSTITUTE OF TECHNOLOGY HYDERABAD,TIER 3
"CMR INSTITUTE OF TECHNOLOGY, BANGALORE",TIER 3
CMRIT,TIER 3
COCHIN UNIVERSITY OF SCIENCE AND TECHNOLOGY,TIER 3
COIMBATORE INSTITUTE OF ENGINEERING AND TECHNOLOGY,TIER 3
COIMBATORE INSTITUTE OF TECHNOLOGY,TIER 2
"COLLEGE OF ENGINEERING AND MANAGEMENT, KOLAGHAT",TIER 3
"COLLEGE OF ENGINEERING AND TECHNOLOGY, BHUBANESWAR",TIER 3
COLLEGE OF ENGINEERING TRIVANDRUM,TIER 3
"COLLEGE OF ENGINEERING, GUINDY",TIER 2
"COLLEGE OF ENGINEERING, PUNE",TIER 2
"CSVTU, BHILLAI",TIER 3
CV RAMAN COLLEGE OF ENGINEERING,TIER 3
CVR COLLEGE OF ENGINEERING,TIER 3
DAIICT,TIER 2
DAYANANDA SAGAR ACADEMY OF TECHNOLOGY AND MANAGEMENT,TIER 3
DAYANANDA SAGAR COLLEGE OF ENGINEERING,TIER 2
DCR UNIVERSITY OF SCIENCE AND TECHNOLOGY,TIER 3
DCRUST MURTHAL,TIER 3
DELHI INSTITUTE OF TOOL ENGINEERING,TIER 3
DELHI UNIVERSITY,TIER 2
DEPARTMENT OF COMPUTER SCIENCE UNIVERSITY OF DELHI,TIER 3
DEVI AHILYA UNIVERSITY INDORE,TIER 3
DHANALAKSHMI SRINIVASAN ENGINEERING COLLEGE,TIER 3
DHARMSINH DESAI UNIVERSITY,TIER 2
DIT UNIVERSITY,TIER 3
DON BOSCO INSTITUTE OF TECHNOLOGY,TIER 3
DR BABASAHEB AMBEDKAR TECHNOLOGICAL UNIVERSITY,TIER 3
DR. A.P.J ABDUL KALAM UNIVERSITY,TIER 3
DR. AKHILESH DAS GUPTA INSTITUTE OF TECHNOLOGY AND MANAGEMENT,TIER 3
DR. APJ ABDUL KALAM TECHNICAL UNIVERSITY,TIER 3
DR. B.C. ROY ENGINEERING COLLEGE DURGAPUR,TIER 3
DR. BHIM RAO UNIVERSITY,TIER 3
"DR. D.Y. PATIL INSTITUTE OF ENGINEERING AND TECHNOLOGY, LOHEGAON",TIER 3
"DR. HARISINGH GOUR UNIVERSITY, SAGAR(M.P.) INDIA",TIER 3
DR. M.C. SAXENA COLLEGE OF ENGINEERING AND TECHNOLOGY,TIER 3
DR. M.G.R. EDUCATIONAL AND RESEARCH INSTITUTE,TIER 3
DR. SUDHIR CHANDRA SUR DEGREE ENGINEERING COLLEGE,TIER 3
DR.AITH KANPUR,TIER 3
"DRONACHARYA COLLEGE OF ENGINEERING, GURGAON",TIER 3
DSMS COLLEGE OF TOURISM AND MANAGEMENT,TIER 3
DTU,TIER 1
DY PATIL COLLEGE OF ENGINEERING,TIER 3
ENGINEERING AND TECHNOLOGY COLLEGE,TIER 3
"FACULTY OF ENGINEERING AND TECHNOLOGY, AGRA",TIER 3
FAKIR MOHAN AUTONOMOUS COLLEGE,TIER 3
FEROZE GANDHI INSTITUTE OF ENGINEERING AND TECHNOLOGY,TIER 3
FUTURE INSTITUTE OF ENGINEERING AND MANAGEMENT,TIER 3
"G H RAISONI COLLLEGE OF ENGINEERING AND TECHNOLOGY, NAGPUR",TIER 3
G PULLAIAH COLLEGE OF ENGINEERING AND TECHNOLOGY,TIER 3
"G.H. RAISONI COLLEGE OF ENGINEERING AND MANAGEMENT, PUNE",TIER 3
"G.H.PATEL POST GRADUATE DEPARTMENT OF COMPUTER SCIENCE AND TECHNOLOGY, V.V.NAGAR",TIER 3
GALGOTIAS COLLEGE OF ENGINEERING AND TECHNOLOGY,TIER 3
GALGOTIAS UNIVERSITY,TIER 3
GANDHI INSTITUTE OF TECHNOLOGY AND MANAGEMENT HYDERABAD CAMPUS,TIER 3
GANDHI INSTITUTE OF TECHNOLOGY AND MANAGEMENT VISAKHAPATNAM,TIER 3
GAUTAM BUDDH UNIVERSITY,TIER 3
GAYATRI COLLEGE OF ENGINEERING,TIER 3
GAYATRI VIDYA PARISHAD COLLEGE OF ENGINEERING,TIER 3
GCT,TIER 3
GGSIPU,TIER 3
GIET,TIER 3
GITAM BENGALURU,TIER 3
GITAM UNVERSITY VIZAG CAMPUS,TIER 3
GITM GURGAON,TIER 3
GL BAJAJ INSTITUTE OF TECHNOLOGY AND MANAGEMENT,TIER 3
GLA UNIVERSITY MATHURA,TIER 3
GLNA TECHNICAL INSTITUTE,TIER 3
GOA UNIVERSITY,TIER 3
GODAVARI INSTITUTE OF ENGINEEEING AND TECHNOLOGY,TIER 3
GOKARAJU RANGARAJU INSTITUTE OF ENGINEERING AND TECHNOLOGY,TIER 3
GOVERNMENT COLLEGE OF ENGINEERING,TIER 3
GOVERNMENT COLLEGE OF ENGINEERING AMRAVATI,TIER 3
GOVERNMENT COLLEGE OF ENGINEERING AND CERAMIC TECHNOLOGY,TIER 3
"GOVERNMENT COLLEGE OF ENGINEERING AND RESEARCH, PUNE",TIER 3
"GOVERNMENT COLLEGE OF ENGINEERING AND TEXTILE TECHNOLOGY, SERAMPORE",TIER 3
"GOVERNMENT COLLEGE OF ENGINEERING, AURANGABAD",TIER 3
"GOVERNMENT COLLEGE OF ENGINEERING, NAGPUR",TIER 3
GOVERNMENT COLLEGE OF TECHNOLOGY,TIER 3
GOVERNMENT COLLEGE OF TECHNOLOGY COIMBATORE,TIER 2
GOVERNMENT ENGINEERING COLLEGE AJMER,TIER 3
GOVERNMENT ENGINEERING COLLEGE JAGDALPUR,TIER 3
GOVERNMENT WOMEN'S ENGINEERING COLLEGE,TIER 3
"GOVIND BALLABH PANT ENGINEERING COLLEGE, PAURI UTTRAKHAND",TIER 3
GPULLA REDDY ENGINEERING COLLEGE,TIER 3
GRAPHIC ERA DEEMED UNIVERSITY,TIER 3
GRAPHIC ERA HILL UNIVERSITY,TIER 3
GTBIT,TIER 3
GUDLAVALLERU ENGINEERING COLEGE,TIER 3
GUJARAT TECHNOLOGICAL UNIVERSITY,TIER 3
GURU JAMBHESHWAR UNIVERSITY OF SCIENCE AND TECHNOLOGY,TIER 3
GURU NANAK DEV ENGINEERING COLLEGE,TIER 3
GURU NANAK DEV UNIVERSITY,TIER 3
"GURU NANAK INSTITUTIONS TECHNICAL CAMPUS, HYDERABAD",TIER 3
HALDIA INSTITUTE OF TECHNOLOGY,TIER 3
HBTI KANPUR,TIER 2
HERITAGE INSTITUTE OF TECHNOLOGY,TIER 3
HINDUSTAN UNIVERSITY,TIER 3
HKBK COLLEGE OF ENGINEERING,TIER 3
HMR INSTITUTE OF TECHNOLOGY AND MANAGEMENT,TIER 3
ICFAI,TIER 3
ICFAI BUSINESS SCHOOL,TIER 3
ICFAI UNIVERSITY,TIER 3
IET DAVV,TIER 2
IET LUCKNOW,TIER 2
IGNOU,TIER 3
IIEST SHIBPUR,TIER 2
IIIT ALLAHABAD,TIER 1
IIIT BANGALORE,TIER 1
IIIT BHUBANESWAR,TIER 2
IIIT DELHI,TIER 1
IIIT GUWAHATI,TIER 2
IIIT HYDERABAD,TIER 1
IIIT JABALPUR,TIER 2
IIIT KALYANI,TIER 2
IIIT KOTTAYAM,TIER 2
IIIT MANIPUR,TIER 2
IIIT PUNE,TIER 2
IIIT SRICITY,TIER 2
IIIT TRICHY,TIER 2
IIIT VADODARA,TIER 2
IISC,TIER 1
IIT,TIER 3
IIT BHU,TIER 1
IIT BHUBANESWAR,TIER 1
IIT BOMBAY,TIER 1
IIT DELHI,TIER 1
IIT GANDHINAGAR,TIER 1
IIT GUWAHATI,TIER 1
IIT HYDERABAD,TIER 1
IIT INDORE,TIER 1
IIT JODHPUR,TIER 1
IIT KANPUR,TIER 1
IIT KHARAGPUR,TIER 1
IIT KOTTAYAM,TIER 1
IIT MADRAS,TIER 1
IIT MANDI,TIER 1
IIT PATNA,TIER 1
IIT ROORKEE,TIER 1
IIT TIRUPATI,TIER 1
IMS ENGINEERING COLLEGE,TIER 3
INDERPRASTHA ENGINEERING COLLEGE,TIER 3
INDIRA GANDHI DELHI TECHNICAL UNIVERSITY FOR WOMEN,TIER 3
"INDIRA GANDHI INSTITUTE OF TECHNOLOGY, SARANG",TIER 3
INDORE INSTITUTE OF SCIENCE AND TECHNOLOGY,TIER 3
"INSTITUTE OF ENGINEERING AND MANAGEMENT, KOLKATA",TIER 3
INSTITUTE OF ENGINEERING AND RURAL TECHNOLOGY,TIER 3
INSTITUTE OF ENGINEERING AND RURAL TECHNOLOGY ALLAHABAD,TIER 3
INSTITUTE OF INFORMATION TECHNOLOGY AND MANAGEMENT,TIER 3
"INSTITUTE OF INFRASTRUCTURE, TECHNOLOGY, RESEARCH AND MANAGEMENT",TIER 3
INSTITUTE OF MANAGEMENT STUDIES AND ENGINEERING COLLEGE,TIER 3
INSTITUTE OF SCIENCE,TIER 3
"INSTITUTE OF TECHNICAL EDUCATION AND RESEARCH, BHUBANESWAR",TIER 3
ISM DHANBAD,TIER 2
ITM UNIVERSITY GWALIOR,TIER 3
JABALPUR ENGINEERING COLLEGE,TIER 3
JADAVPUR UNIVERSITY,TIER 1
"JAGANNATH UNIVERSITY, JAIPUR",TIER 3
JAGATPUR RUKMINI VIDYAMANDIR,TIER 3
JAIN COLLEGE OF ENGINEERING,TIER 3
JAIN UNIVERSITY,TIER 3
JAIPUR NATIONAL UNIVERSITY,TIER 3
JAMES COOK UNIVERSITY,TIER 3
JAMIA HAMDARD,TIER 3
JAMIA MILLIA ISLAMIA,TIER 2
"JAWAHARLAL NEHRU ENGINEERING COLLEGE, AURANGABAD",TIER 3
JAYPEE INSTITUTE OF INFORMATION TECHNOLOGY,TIER 3
JAYPEE UNIVERSITY OF ENGINEERING TECHNOLOGY,TIER 3
JAYPEE UNIVERSITY OF INFORMATION TECHNOLOGY,TIER 3
"JC BOSE UNIVERSITY OF SCIENCE AND TECHNOLOGY, YMCA",TIER 3
JEC JABALPUR,TIER 3
JECRC FOUNDATION,TIER 3
JECRC JAIPUR,TIER 3
JECRC UDML,TIER 3
JEPPIAAR ENGINEERING COLLEGE,TIER 3
JEPPIAAR INSTITUTE OF TECHNOLOGY,TIER 3
JEPPIAAR SRR ENGINEERING COLLEGE,TIER 3
JMIT RADAUR,TIER 3
JNGEC,TIER 3
JNTU,TIER 3
JNTU ANANTAPUR,TIER 3
JNTU KAKINADA,TIER 3
JNTU NARASARAOPET,TIER 3
JNTU VIZIANAGARAM,TIER 3
JNTUH,TIER 3
"JNTUH COLLEGE OF ENGINEERING, JAGTIAL",TIER 3
JNTUHCEH,TIER 3
JODHPUR INSTITUTE OF ENGINEERING AND TECHNOLOGY,TIER 3
JSS ACADEMY,TIER 3
JSSATE BANGALORE,TIER 3
JSSATE NOIDA,TIER 3
JYOTHISHMATHI INSTITUTE OF TECHNOLOGY AND SCIENCES,TIER 3
K L UNIVERSITY,TIER 3
K.C.COLLEGE OF ENGINEERING AND MANAGEMENT STUDIES,TIER 3
K.L.E INSTITUTE OF TECHNOLOGY HUBLI,TIER 3
K.S.R.COLLEGE OF ENGINEERING,TIER 3
KAKINADA INSTITUTE OF ENGINEERING AND TECHNOLOGY,TIER 3
KALASALINGAM UNIVERSITY,TIER 3
KALYANI GOVERNMENT ENGINEERING COLLEGE,TIER 2
KAMLA NEHRU INSTITUTE OF TECHNOLOGY,TIER 3
KANPUR INSTITUTE OF TECHNOLOGY (KIT),TIER 3
KARUNYA UNIVERSITY,TIER 3
KAVI KULGURU INSTITUTE OF TECHNOLOGY,TIER 3
KC COLLEGER OF ENGINEERING,TIER 3
KCC INSTITUTE OF TECHNOLOGY AND MANAGEMENT,TIER 3
KCC ITM,TIER 3
KCG COLLEGE OF TECHNOLOGY,TIER 3
KIIT BHU,TIER 3
KIIT BHUBANESWAR,TIER 3
KJ SOMAIYA COLLEGE OF ENGINEERING,TIER 2
KJ SOMAIYA INSTITUTE OF ENGINEERING AND INFORMATION TECHNOLOGY,TIER 3
KLE TECHNOLOGICAL UNIVERSITY,TIER 3
KMM,TIER 3
KONGU ENGINEERING COLLEGE,TIER 2
KRISHNA INSTITUTE OF ENGINEERING AND TECHNOLOGY,TIER 3
KS SCHOOL OF BUSINESS MANAGEMENT AND RESEARCH,TIER 3
KSOM,TIER 3
KSRM COLLEGE OF ENGINEERING,TIER 3
KUPPAM ENGINEERING COLLEGE,TIER 3
KURUKSHETRA UNIVERSITY,TIER 3
LAKIREDDY BALI REDDY COLLEGE OF ENGINEERING,TIER 3
"LAKSHMI NARAIN COLLAGE OF TECHNOLOGY, JABALPUR",TIER 3
LAKSHMI NARAIN COLLEGE OF TECHNOLOGY LNCT BHOPAL,TIER 3
LAL BAHADUR SHASTRI GROUP OF INSTITUTIONS,TIER 3
LALBHAI DALPATBHAI COLLEGE OF ENGINEERING,TIER 3
"LDRP INSTITUTE OF TECHNOLOGY AND RESEARCH, GUJARAT TECHNOLOGICAL UNIVERSITY",TIER 3
LNMIIT,TIER 2
LOYOLA INSTITUTE OF TECHNOLOGY,TIER 3
LPU,TIER 3
MAAMALLAN INSTITUTE OF TECHNOLOGY,TIER 3
MADAN MOHAN MALAVIYA UNIVERSITY OF TECHNOLOGY,TIER 2
MADHAV INSTITUTE OF TECHNOLOGY AND SCIENCE GWALIOR,TIER 3
MAHAKAL INSTITUTE OF TECHNOLOGY AND MANAGEMENT,TIER 3
MAHARAJA AGRASEN INSTITUTE OF TECHNOLOGY,TIER 3
MAHARAJA SURAJMAL INSTITUTE OF TECHNOLOGY,TIER 2
MAHARASHTRA INSTITUTE OF TECHNOLOGY,TIER 3
MAHARISHI MARKANDESHWAR ENGINEERING COLLEGE AMBALA,TIER 3
MALLAREDDY ENGINEERING COLLEGE,TIER 3
MANIPAL INSTITUTE OF TECHNOLOGY,TIER 2
MANIPAL UNIVERSITY JAIPUR,TIER 3
MANIT BHOPAL,TIER 2
MAR BASELIOS COLLEGE OF ENGINEERING AND TECHNOLOGY,TIER 3
MATRUSRI ENGINEERING COLLEGE,TIER 3
MAULANA AZAD UNIVERSITY OF TECHNOLOGY,TIER 3
"MBM ENGINEERING COLLEGE, JODHPUR",TIER 3
MCKV INSTITUTE OF ENGINEERING,TIER 3
MDU ROHTAK,TIER 3
MEDICAPS UNIVERSITY,TIER 3
MEGHNAD SAHA INSTITUTE OF TECHNOLOGY,TIER 3
MIET KURUKSHETRA,TIER 3
MIET MEERUT,TIER 3
MIT ADT UNIVERSITY,TIER 3
"MIT COLLEGE OF ENGINEERING, PUNE",TIER 3
MIT MADRAS,TIER 3
MIT MANIPAL,TIER 2
"MITHIBAI COLLEGE, MUMBAI UNIVERSITY",TIER 3
MNIT JAIPUR,TIER 2
MNNIT ALLAHABAD,TIER 1
MODERN INSTITUTE OF TECHNOLOGY AND RESEARCH CENTRE,TIER 3
MUFFAKHAM JAH COLLEGE OF ENGINEERING AND TECHNOLOGY,TIER 3
MUMBAI UNIVERSITY,TIER 2
MVGR COLLEGE OF ENGINEERING,TIER 3
MVSR ENGINEERING COLLEGE,TIER 3
NAGARJUNA COLLEGE OF ENGINEERING AND TECHNOLOGY,TIER 3
NAGPUR UNIVERSITY,TIER 3
NATIONAL INSTITUTE OF SCIENCE AND TECHNOLOGY ODISHA,TIER 3
NEHOTIA INSTITUTE OF TECHNOLOGY MANAGEMENT,TIER 3
NETAJI NAGAR COLLEGE FOR WOMENS',TIER 3
NETAJI SUBHASH ENGINEERING COLLEGE,TIER 3
NIE INSTITUTE OF TECHNOLOGY,TIER 3
NIELIT,TIER 3
NIIT,TIER 3
NIRMA UNIVERSITY,TIER 2
NIT,TIER 3
NIT AGARTALA,TIER 2
NIT CALICUT,TIER 1
NIT DELHI,TIER 2
NIT DURGAPUR,TIER 2
NIT GOA,TIER 2
NIT HAMIRPUR,TIER 2
NIT JALANDHAR,TIER 2
NIT JAMSHEDPUR,TIER 2
NIT KURUKSHETRA,TIER 1
NIT MIZORAM,TIER 2
NIT NAGPUR,TIER 2
NIT PATNA,TIER 2
NIT PUDUCHERRY,TIER 2
NIT RAIPUR,TIER 2
NIT ROURKELA,TIER 1
NIT SILCHAR,TIER 2
NIT SRINAGAR,TIER 2
NIT SURAT,TIER 2
NIT SURATHKAL,TIER 1
NIT TRICHY,TIER 1
NIT UTTARAKHAND,TIER 2
NIT WARANGAL,TIER 1
NITTE MEENAKSHI INSTITUTE OF TECHNOLOGY,TIER 3
NOIDA INSTITUTE OF ENGINEERING AND TECHNOLOGY,TIER 3
NORTHERN INDIA ENGINEERING COLLEGE,TIER 3
"NSUT, NEW DELHI",TIER 1
ODISHA UNIVERSITY OF TECHNOLOGY AND RESEARCH,TIER 3
"ORIENTAL COLLEGE OF TECHNOLOGY, BHOPAL",TIER 3
ORIENTAL INSTITUTE OF SCIENCE AND TECHNOLOGY BHOPAL,TIER 3
ORISSA ENGINEERING COLLEGE,TIER 3
OSMANIA UNIVERSITY,TIER 2
P.S.N.A COLLEGE,TIER 3
PANIMALAR INSTITUTE OF TECHNOLOGY,TIER 3
PARUL INSTITUE OF ENGINEERING AND TECHNOLOGY,TIER 3
PARUL UNIVERSITY,TIER 3
"PCE, NAGPUR",TIER 3
PEC CHANDIGARH,TIER 2
PES UNIVERSITY,TIER 2
PESCE MANDYA,TIER 3
PONDICHERRY UNIVERSITY,TIER 3
POORNIMA COLLEGE OF ENGINEERING,TIER 3
PRAGATI ENGINEERING COLLEGE,TIER 3
PRANVEER SINGH INSTITUTE OF TECHNOLOGY,TIER 3
"PRASHAD INSTITUTE OF TECHNOLOGY, JAUNPUR",TIER 3
PRESIDENCY UNIVERSITY BANGALORE,TIER 3
PRINCE SHRI VENKATESHWARA PADMAVATHY ENGINEERING COLLEGE,TIER 3
PROFESSOR RAM MEGHE INSTITUTE OF TECHNOLOGY AND RESEARCH,TIER 3
"PROGRESSIVE EDUCATION SOCIETY'S MODERN COLLEGE OF ARTS, SCIENCE AND COMMERCE, SHIVAJINAGAR, PUNE 411005",TIER 3
PSG COLLEGE OF TECHNOLOGY,TIER 2
PSIT KANPUR,TIER 3
PUNE INSTITUTE OF COMPUTER TECHNOLOGY,TIER 2
PUNE UNIVERSITY,TIER 2
PUNJAB TECHNICAL UNIVERSITY,TIER 3
PUNJAB UNIVERSITY,TIER 3
QIS COLLEGE OF ENGINEERING AND TECHNOLOGY,TIER 3
"R.C. PATEL INSTITUTE OF TECHNOLOGY, SHIRPUR",TIER 3
RAJ KUMAR GOEL INSTITUTE OF TECHNOLOGY,TIER 3
RAJA RAM BAPU INSTITUE OF TECHNOLOGY,TIER 3
RAJAGIRI SCHOOL OF ENGINEERING AND TECHNOLOGY,TIER 3
RAJALAKSHMI ENGINEERING COLLEGE,TIER 3
RAJASTHAN TECHNICAL UNIVERSITY,TIER 3
RAJENDRA MANE COLLEGE OF ENGINEERING AND TECHNOLOGY,TIER 3
RAJIV GANDHI INSTITUTE OF TECHNOLOGY,TIER 3
"RAJIV GANDHI UNIVERSITY OF KNOWLEDGE TECHNOLOGIES, NUZVID",TIER 3
RAJKIYA ENGINEERING AZAMGARH,TIER 3
RAMAIAH INSTITUTE OF TECHNOLOGY,TIER 2
RAMRAO ADIK INSTITUTE OF TECHNOLOGY RAIT,TIER 3
RCC INSTITUTE OF INFORMATION TECHNOLOGY,TIER 3
REVA UNIVERSITY,TIER 3
REVE INSTITUTE OF TECHNOLOGY AND MANAGEMENT,TIER 3
RGPV BHOPAL,TIER 3
RGUKT,TIER 3
RMK ENGINEERING COLLEGE,TIER 3
RNSIT,TIER 3
RUSTAMJI INSTITUTE OF TECHNOLOGY,TIER 3
RV COLLEGE OF ENGINEERING,TIER 2
RVS COLLEGE OF ENGINEERING AND TECHNOLOGY,TIER 3
S.N.D. COLLEGE OF ENGG AND RC; YEOLA,TIER 3
SAGAR INSTITUTE OF SCIENCE TECHNOLOGY AND RESEARCH,TIER 3
"SAGAR INSTITUTE OF SCIENCE, TECHNOLOGY AND ENGINEERING",TIER 3
SAKTHI MARIAMMAN ENGINEERING COLLEGE,TIER 3
SAMRAT ASHOK TECHNOLOGICAL INSTITUTE,TIER 3
SANT GADGE BABA AMRAVATI UNIVERSITY MAHARASHTRA,TIER 3
SANT LONGOWAL INSTITUTE OF ENGINEERING AND TECHNOLOGY,TIER 3
SAPTAGIRI COLLEGE OF ENGINEERING,TIER 3
SARANATHAN COLLEGE OF ENGINEERING,TIER 3
SASTRA UNIVERSITY,TIER 2
SCHOOL OF ENGINEERING AND APPLIED SCIENCES,TIER 3
SCHOOL OF ENGINEERING AND APPLIED SCIENCES AHMEDABAD UNIVERSITY,TIER 3
SGSITS INDORE,TIER 2
"SHARAD INSTITUTE OF TECHNOLO COLLEGE OF ENGINEERING, YADRAV.",TIER 3
SHARDA UNIVERSITY,TIER 3
SHIV NADAR UNIVERSITY,TIER 2
"SHIVAJI COLLEGE, UNIVERSITY OF DELHI",TIER 3
SHIVAJI UNIVERSITY,TIER 3
SHRI GOVINDRAM SEKSARIA INSTITUTE OF TECHNOLOGY AND SCIENCE,TIER 3
SHRI MATA VAISHNO DEVI UNIVERSITY,TIER 3
"SHRI RAM MURTI SMARAK COLLEGE OF ENGINEERING AND TECHNOLOGY, BAREILLY",TIER 3
SHRI RAMDEOBABA COLLEGE OF ENGINEERING AND MANAGEMENT,TIER 3
SHRI VAISHNAV INSTITUTE OF SCIENCE TECHNOLOGY,TIER 3
SHRI VAISHNAV VIDYAPEETH VISHWAVIDYALAYA,TIER 3
SHRI VILE PARLE KELVANI MANDAL,TIER 3
SIES GRADUATE SCHOOL OF TECHNNOLOGY,TIER 3
SIKKIM MANIPAL INSTITUTE OF TECHNOLOGY,TIER 3
SIKKIM MANIPAL UNIVERSITY,TIER 3
SIKSHA O ANUSANDHAN UNIVERSITY,TIER 3
SILICON INSTITUTE OF TECHNOLOGY,TIER 3
SILIGURI INSTITUTE OF TECHNOLOGY,TIER 3
"SINHGAD COLLEGE OF ENGINEERING, PUNE",TIER 3
SINHGAD INSTITUTE OF MANAGEMENT,TIER 3
SJB INSTITUTE OF TECHNOLOGY,TIER 3
SJC INSTITUTE OF TECHNOLOGY,TIER 3
SKSVMACET,TIER 3
SKUNIVERSITY,TIER 3
SMT KASHIBAI NAVALE COLLEGE OF ENGINEERING,TIER 3
SMVIT,TIER 3
SONA COLLEGE OF TECHNOLOGY,TIER 3
SREE NIDHI INSTITUTE OF SCIENCE AND TECHNOLOGY,TIER 3
SREE VIDYANIKETHAN ENGINEERING COLLEGE,TIER 3
SRI GURU GOBIND SINGH COLLEGE OF COMMERCE,TIER 3
SRI INDU ENGINEERING OF COLLEGE,TIER 3
SRI JAYACHAMARAJENDRA COLLEGE OF ENGINEERING MYSORE,TIER 3
SRI KRISHNA COLLEGE OF TECHNOLOGY,TIER 3
SRI RAMAKRISHNA ENGINEERING COLLEGE,TIER 3
SRI SATHYA SAI INSTITUTE OF HIGHER LEARNING,TIER 3
SRI VASAVI ENGINEERING COLLEGE,TIER 3
SRI VENKATESWARA UNIVERSITY,TIER 3
SRI VENKATESWARA UNIVERSITY COLLEGE OF ENGINEERING,TIER 3
SRKR ENGINEERING COLLEGE,TIER 3
SRM INSTITUTE OF SCIENCE AND TECHNOLOGY,TIER 2
SRM VALLIAMMAI ENGINEERING COLLEGE,TIER 3
SRMSCET,TIER 3
SRTTC PUNE,TIER 3
SSGMCE,TIER 3
SSIT,TIER 3
ST THOMAS COLLEGE OF ENGINEERING AND TECHNOLOGY,TIER 3
ST. JOSEPH COLLEGE OF ENGINEERING,TIER 3
ST. JOSEPH INSTITUTE OF TECHNOLOGY,TIER 3
ST. JOSEPHS COLLEGE OF ENGINEERING AND TECHNOLOGIES,TIER 3
ST. VINCENT PALLOTTI COLLEGE OF ENGINEERING AND TECHNOLOGY,TIER 3
"ST. XAVIER'S COLLEGE, KOLKATA",TIER 3
ST.JOSEPH'S COLLEGE OF ENGINEERING - SJCE,TIER 3
SVECW,TIER 3
SWAMI KESHWANAND INSTITUTE OF TECHNOLOGY MANAGEMENT AND GRAMOTHAN,TIER 3
SYMBIOSIS INTERNATIONAL UNIVERSITY,TIER 3
"TE SCHOLARS COLLEGE, BHIWANDI",TIER 3
TECHNO INDIA,TIER 3
TECHNO INDIA COLLEGE OF TECHNOLOGY,TIER 3
TECHNO INDIA SALT LAKE,TIER 3
TECHNO MAIN SALT LAKE,TIER 3
TEEGALA KRISHNA REDDY ENGINEERING COLLEGE,TIER 3
TEERTHANKER MAHAVEER UNIVERSITY,TIER 3
TEZPUR UNIVERSITY,TIER 2
THAKUR COLLEGE OF ENGINEERING AND TECHNOLOGY,TIER 3
THAPAR UNIVERSITY,TIER 2
THE NATIONAL INSTITUTE OF ENGINEERING MYSORE,TIER 3
THE NORTHCAP UNIVERSITY,TIER 3
"TIRPUDE INSTITUTE OF MANAGEMENT EDUCATION, CIVIL LINES",TIER 3
"TKR, HYD",TIER 3
"UCOE, PUNJAB UNIVERSITY",TIER 3
UEM JAIPUR,TIER 3
UEM KOLKATA,TIER 3
UIET CSJM UNIVERSITY KANPUR,TIER 3
UIET HOSHIARPUR,TIER 3
UIET PANJAB UNIVERSITY CHANDIGARH,TIER 3
UIUC,TIER 3
UJJAIN ENGINEERING COLLEGE,TIER 3
"UNITED COLLEGE OF ENGINEERING RESEARCH, ALLAHABAD",TIER 3
UNITED INSTITUTE OF TECHNOLOGY,TIER 3
UNIVERSITY COLLEGE OF ENGINEERING OSMANIA UNIVERSITY,TIER 3
UNIVERSITY COLLEGE OF ENGINEERING PUNJABI UNIVERSITY PATIALA,TIER 3
"UNIVERSITY COLLEGE OF ENGINEERING, PATIALA",TIER 3
UNIVERSITY COMMERCE COLLEGE (SFS),TIER 3
UNIVERSITY INSTITUTE OF ENGINEERING AND TECHNOLOGY ROHTAK,TIER 3
"UNIVERSITY INSTITUTE OF TECHNOLOGY, BURDWAN",TIER 3
UNIVERSITY OF CALCUTTA,TIER 3
"UNIVERSITY OF ENGINEERING AND MANAGEMENT, KOLKATA",TIER 3
UNIVERSITY OF MADRAS,TIER 3
UNIVERSITY OF MINNESOTA,TIER 3
UNIVERSITY OF PETROLEUM AND ENERGY STUDIES,TIER 3
UNIVERSITY OF RAJASTHAN,TIER 3
UNIVERSITY OF STRATHCLYDE,TIER 3
UNIVERSITY OF TEXAS AT DALLAS,TIER 3
UNIVERSITY OF WISCONSIN-MADISON,TIER 3
UPES,TIER 3
UTTARAKHAND TECHNICAL UNIVERSITY,TIER 3
UTTARANCHAL INSITITUTE OF TECHNOLOGY,TIER 3
VARDHAMAN COLLEGE OF ENGINEERING,TIER 3
VASAVI COLLEGE OF ENGINEERING,TIER 3
VEER SURENDRA SAI UNIVERSITY OF TECHNOLOGY,TIER 3
VELAMMAL ENGINEERING COLLEGE,TIER 3
VELTECH UNIVERSITY,TIER 3
VEMANA INSTITUTE OF TECHNOLOGY,TIER 3
VESIT,TIER 3
"VIDYALANKAR INSTITUTE OF TECHNOLOGY, MUMBAI",TIER 3
VIDYAVARDHINI'S COLLEGE OF ENGINEERING AND TECHNOLOGY,TIER 3
VIGNAN INSTITUTE OF INFORMATION TECHNOLOGY,TIER 3
VIGNAN UNIVERSITY,TIER 3
VINOBA BHAVE UNIVERSITY HAZARIBAG,TIER 3
VISAKHA INSTITUTE OF ENGINEERING AND TECHNOLOGY,TIER 3
VISHNU INSTITUTE OF TECHNOLOGY,TIER 3
VISHWAKARMA INSTITUTE OF TECHNOLOGY PUNE,TIER 3
VIT,TIER 3
VIT BHOPAL,TIER 3
VIT CHENNAI,TIER 3
VIT VELLORE,TIER 2
VIVEKANANDA COLLEGE OF ENGINEERING AND TECHNOLOGY,TIER 3
VJTI MUMBAI,TIER 2
VNIT NAGPUR,TIER 1
VNR VJIET,TIER 3
VTU,TIER 3
VVP ENGINEERING COLLEGE,TIER 3
WALCHAND COLLEGE OF ENGINEERING SANGLI,TIER 2
WALCHAND INSTITUDE OF TECHNOLOGY,TIER 3
"WEST BENGAL UNIVERSITY OF TECHNOLOGY, KOLKATA",TIER 3
WEST VIRGINIA UNIVERSITY,TIER 3
WOOLF UNIVERSITY,TIER 3
YESHWANTRAO CHAVAN COLLEGE OF ENGINEERING,TIER 3
"ZAKIR HUSAIN COLLEGE OF ENGINEERING AND TECHNOLOGY, ALIGARH",TIER 3
